
CREATE DATABASE IF NOT EXISTS `catalogo`;
USE `catalogo`;


CREATE TABLE IF NOT EXISTS `ciudades` (
  `id` int(10) NOT NULL AUTO_INCREMENT,
  `ciudad` varchar(25) NOT NULL,
  `division` smallint(6) NOT NULL,
  `region` varchar(7) NOT NULL,
  PRIMARY KEY (`id`)
) ENGINE=InnoDB AUTO_INCREMENT=54 DEFAULT CHARSET=utf8;


INSERT INTO `ciudades` (`id`, `ciudad`, `division`, `region`) VALUES
	(1, 'Acapulco', 43, 'CENTRO'),
	(2, 'Agua Dulce', 72, 'SUR'),
	(3, 'Camargo', 54, 'NORTE'),
	(4, 'Campeche', 30, 'SUR'),
	(5, 'Cancún', 35, 'SUR'),
	(6, 'Ciudad Juárez', 60, 'NORTE'),
	(7, 'Coatzacoalcos', 71, 'SUR'),
	(8, 'Coatzintla', 25, 'CENTRO'),
	(9, 'Cosoleacaque', 76, 'SUR'),
	(10, 'Cozumel', 38, 'SUR'),
	(11, 'Cuauhtémoc ', 53, 'NORTE'),
	(12, 'Cuautla', 41, 'CENTRO'),
	(13, 'Cuernavaca', 40, 'CENTRO'),
	(14, 'Chetumal', 32, 'SUR'),
	(15, 'Chihuahua', 51, 'NORTE'),
	(16, 'Chilpancingo', 46, 'CENTRO'),
	(17, 'Chimalhuacan', 83, 'CENTRO'),
	(18, 'Delicias', 52, 'NORTE'),
	(19, 'Ensenada', 12, 'NORTE'),
	(20, 'Iguala', 16, 'CENTRO'),
	(21, 'Isla Mujeres', 36, 'SUR'),
	(22, 'Ixtapaluca-Los Reyes', 81, 'CENTRO'),
	(23, 'Jaltipan', 75, 'SUR'),
	(24, 'Lagos De Moreno', 17, 'CENTRO'),
	(25, 'Las Choapas', 74, 'SUR'),
	(26, 'Mahahual', 33, 'SUR'),
	(27, 'Mante', 21, 'CENTRO'),
	(28, 'Meoqui', 56, 'NORTE'),
	(29, 'Mérida', 31, 'SUR'),
	(30, 'Mexicali', 14, 'NORTE'),
	(31, 'Minatitlán', 18, 'SUR'),
	(32, 'Nanchital', 73, 'SUR'),
	(33, 'Oaxaca', 45, 'CENTRO'),
	(34, 'Ocotlan', 23, 'CENTRO'),
	(35, 'Parral', 55, 'NORTE'),
	(36, 'Playa del Carmen', 37, 'SUR'),
	(37, 'Poza Rica', 24, 'CENTRO'),
	(38, 'Puerto Progreso', 29, 'SUR'),
	(39, 'Rosarito', 15, 'NORTE'),
	(40, 'San Buenaventura', 84, 'CENTRO'),
	(41, 'San Vicente Chicoloapan', 87, 'CENTRO'),
	(42, 'Tecamac', 86, 'CENTRO'),
	(43, 'Tecate', 13, 'NORTE'),
	(44, 'Tepeji del Rio', 27, 'CENTRO'),
	(45, 'Tijuana', 11, 'NORTE'),
	(46, 'Tula', 26, 'CENTRO'),
	(47, 'Tulum', 39, 'SUR'),
	(48, 'Valles', 22, 'CENTRO'),
	(49, 'Xico', 89, 'CENTRO'),
	(50, 'Yautepec', 42, 'CENTRO'),
	(51, 'Zumpango Del Rio', 49, 'CENTRO'),
	(52, 'Valladolid', 34, ''),
	(53, 'Tihuatlán	', 90, '');

CREATE TABLE IF NOT EXISTS `oficinas` (
  `id` int(10) NOT NULL AUTO_INCREMENT,
  `id_division` int(10) NOT NULL,
  `division` varchar(50) NOT NULL,
  `oficina` varchar(50) NOT NULL,
  `region` int(10) NOT NULL,
  PRIMARY KEY (`id`)
) ENGINE=InnoDB AUTO_INCREMENT=102 DEFAULT CHARSET=utf8;


INSERT INTO `oficinas` (`id`, `id_division`, `division`, `oficina`, `region`) VALUES
	(1, 16, '16-IGUALA', 'IGUALA', 1),
	(2, 17, '17-LAGOS', 'LAGOS', 1),
	(3, 17, '17-LAGOS', 'MODULO SORIANA', 1),
	(4, 21, '21-MANTE', 'MANTE 1', 1),
	(5, 22, '22-VALLES', 'VALLES 1', 1),
	(6, 23, '23-OCOTLÁN', 'OCOTLAN 1', 1),
	(7, 24, '24-POZA RICA', 'POZA RICA 1', 1),
	(8, 25, '25-COATZINTLA', 'COATZINTLA', 1),
	(9, 26, '26-TULA', 'PRINCIPAL TULA', 1),
	(10, 27, '27-TEPEJÍ DEL RIO', 'TEPEJI 1', 1),
	(11, 40, '40-CUERNAVACA', 'CHAPULTEPEC', 1),
	(12, 40, '40-CUERNAVACA', 'ZAPATA', 1),
	(13, 40, '40-CUERNAVACA', 'JIUTEPEC', 1),
	(14, 40, '40-CUERNAVACA', 'BELLAVISTA', 1),
	(15, 40, '40-CUERNAVACA', 'PERICÓN', 1),
	(16, 40, '40-CUERNAVACA', 'ANDROMEDA', 1),
	(17, 41, '41-CUAUTLA', 'MÓDULO DEL CENTRO', 1),
	(18, 41, '41-CUAUTLA', 'OFICINA CENTRAL CUAUTLA', 1),
	(19, 41, '41-CUAUTLA', 'COCOYOC', 1),
	(20, 42, '42-YAUTEPEC', 'YAUTEPEC', 1),
	(21, 43, '43-ACAPULCO', 'COMERCIAL MEXICANA ZAPATA', 1),
	(22, 43, '43-ACAPULCO', 'WALL MART ACAPULCO', 1),
	(23, 43, '43-ACAPULCO', 'OFICINA CENTRAL DE ACAPULCO', 1),
	(24, 43, '43-ACAPULCO', 'PLAZA CONSTITUYENTES', 1),
	(25, 45, '45-OAXACA', 'OFICINA PRINCIPAL', 1),
	(26, 45, '45-OAXACA', 'MODULO CHEDRAHUI', 1),
	(27, 46, '46-CHILPANCINGO', 'INSURGENTES', 1),
	(28, 46, '46-CHILPANCINGO', 'OFICINA CENTRAL CHILPANCINGO', 1),
	(29, 49, '49-ZUMPANGO DEL RIO', 'ZUMPANGO DEL RIO', 1),
	(30, 81, '81- IXTAPALUCA', 'LOS REYES LA PAZ', 1),
	(31, 81, '81-IXTAPALUCA', 'IXTAPALUCA', 1),
	(32, 81, '81-IXTAPALUCA', 'CUATRO VIENTOS', 1),
	(33, 83, '83-CHIMALHUACÁN', 'CHIMALHUACAN', 1),
	(34, 84, '84-SAN BUENAVENTURA', 'SAN BUENAVENTURA', 1),
	(35, 86, '86-TECAMAC', 'PABELLON', 1),
	(36, 86, '86-TECAMAC', 'HEROES', 1),
	(37, 87, '87-SAN VICENTE CHICOLOAPAN', 'PLAZA GALERIA SAN VICENTE', 1),
	(38, 89, '89-XICO', 'XICO', 1),
	(39, 0, 'TIHUATLAN', 'PLAN DE AYALA', 1),
	(40, 0, 'TIHUATLAN', 'CASTILLO DE TEAYO', 1),
	(41, 0, 'TIHUATLAN', 'TIHUATLAN', 1),
	(42, 11, '11-TIJUANA', 'VILLA FONTANA', 2),
	(43, 11, '11-TIJUANA', 'ZONA RIO', 2),
	(44, 11, '11-TIJUANA', 'BENTON', 2),
	(45, 11, '11-TIJUANA', 'OTAY', 2),
	(46, 11, '11-TIJUANA', 'CITADELLA', 2),
	(47, 11, '11-TIJUANA', 'PLAYAS', 2),
	(48, 11, '11-TIJUANA', 'VILLAS DEL PRADO', 2),
	(49, 12, '12-ENSENADA', 'GASTELUM', 2),
	(50, 12, '12-ENSENADA', 'MANEADERO', 2),
	(51, 12, '12-ENSENADA', 'VALLE DORADO', 2),
	(52, 13, '13-TECATE', 'TECATE', 2),
	(53, 14, '14-MEXICALI', 'SUCURSAL CARRANZA', 2),
	(54, 14, '14-MEXICALI', 'MATRIZ MEXICALI', 2),
	(55, 14, '14-MEXICALI', 'ANAHUAC', 2),
	(56, 14, '14-MEXICALI', 'JARDINES DEL VALLE', 2),
	(57, 15, '15-ROSARITO', 'ROSARITO', 2),
	(58, 51, '51- CHIHUAHUA', 'NOGALES', 2),
	(59, 51, '51-CHIHUAHUA', 'SAUCITO', 2),
	(60, 51, '51-CHIHUAHUA', 'LA FUENTE', 2),
	(61, 51, '51-CHIHUAHUA', 'BLAS CANO Oficina Principal', 2),
	(62, 51, '51-CHIHUAHUA', 'FUENTES MARES', 2),
	(63, 51, '51-CHIHUAHUA', 'FASHION MALL', 2),
	(64, 51, '51-CHIHUAHUA', 'VALLARTA', 2),
	(65, 52, '52-DELICIAS', 'DELICIAS', 2),
	(66, 53, '53-CUAUHTÉMOC', 'CUAUHTEMOC', 2),
	(67, 54, '54-CAMARGO', 'CAMARGO', 2),
	(68, 55, '55-PARRAL', 'PARRAL', 2),
	(69, 56, '56-MEOQUI', 'MEOQUI', 2),
	(70, 60, '60-CD. JUAREZ', 'JILOTEPEC', 2),
	(71, 60, '60-CD. JUAREZ', 'PLAZA MONUMENTAL', 2),
	(72, 60, '60-CD. JUAREZ', 'CUQUITA', 2),
	(73, 60, '60-CD. JUAREZ', 'LAS TORRES', 2),
	(74, 18, '18-MINATITLAN', 'MINATITLAN', 3),
	(75, 18, '18-MINATITLAN', 'MINATITLAN SORIANA', 3),
	(76, 29, '29-PROGRESO', 'PROGRESO', 3),
	(77, 30, '30-CAMPECHE', 'GOBERNADORES', 3),
	(78, 30, '30-CAMPECHE', 'MATRIZ CAMPECHE', 3),
	(79, 31, '31-MÉRIDA', 'MATRIZ MÉRIDA', 3),
	(80, 31, '31-MÉRIDA', 'SERVIPLAZA', 3),
	(81, 31, '31-MÉRIDA', 'GRAN PLAZA MÉRIDA', 3),
	(82, 31, '31-MÉRIDA', 'PLAZA SENDERO', 3),
	(83, 31, '31-MÉRIDA', 'MÓDULO CENTRO', 3),
	(84, 32, '32-CHETUMAL', 'CHETUMAL', 3),
	(85, 35, '35-CANCÚN', 'CANCUN MALL', 3),
	(86, 35, '35-CANCÚN', 'SORIANA HEROES', 3),
	(87, 35, '35-CANCÚN', 'PLAZA LAS AMERICAS', 3),
	(88, 35, '35-CANCÚN', 'CHICHEN ITZA', 3),
	(89, 35, '35-CANCÚN', 'GRAN PLAZA CANCÚN', 3),
	(90, 36, '36-ISLA MUJERES', 'ISLA MUJERES', 3),
	(91, 37, '37-PLAYA DEL CARMEN', 'PLAYA DEL CARMEN', 3),
	(92, 37, '37-PLAYA DEL CARMEN', 'CHEDRAUI PLAYA DEL CARMEN', 3),
	(93, 38, '38-COZUMEL', 'COZUMEL', 3),
	(94, 39, '39-TULUM', 'TULUM', 3),
	(95, 71, '71-COATZACOALCOS', 'COATZACOALCOS', 3),
	(96, 71, '71-COATZACOALCOS', 'LOCAL SORIANA', 3),
	(97, 72, '72-AGUA DULCE', 'AGUA DULCE', 3),
	(98, 73, '73-NANCHITAL', 'NANCHITAL', 3),
	(99, 74, '74-LAS CHOAPAS', 'LAS CHOAPAS', 3),
	(100, 75, '75-JALTIPAN', 'JALTIPAN', 3),
	(101, 76, '76-COSOLEACAQUE', 'COSOLEACAQUE', 3);

CREATE TABLE IF NOT EXISTS `region` (
  `id` int(10) NOT NULL AUTO_INCREMENT,
  `region` char(7) NOT NULL,
  PRIMARY KEY (`id`)
) ENGINE=InnoDB AUTO_INCREMENT=4 DEFAULT CHARSET=utf8;


INSERT INTO `region` (`id`, `region`) VALUES
	(1, 'CENTRO'),
	(2, 'NORTE'),
	(3, 'SUR');
